-------------------------------------------------------------------------INVENTORY TABLE STARTS HERE------------------------------
INSERT INTO Fall22_S003_2_Inventory(item_id,item_name,mfd_date,expiry_date,date_purchased,qty_purchased,item_price,qty_left_for_day) VALUES(497,'Onion','16-Oct-2022','31-Oct-2022','18-Oct-2022',30,90,13);
INSERT INTO Fall22_S003_2_Inventory(item_id,item_name,mfd_date,expiry_date,date_purchased,qty_purchased,item_price,qty_left_for_day) VALUES(770,'Tomato','11-Oct-2022','18-Oct-2022','13-Oct-2022',23,61.41,12);
INSERT INTO Fall22_S003_2_Inventory(item_id,item_name,mfd_date,expiry_date,date_purchased,qty_purchased,item_price,qty_left_for_day) VALUES(419,'Potato','31-Oct-2022','16-Nov-2022','01-Nov-2022',24,60,10);
INSERT INTO Fall22_S003_2_Inventory(item_id,item_name,mfd_date,expiry_date,date_purchased,qty_purchased,item_price,qty_left_for_day) VALUES(157,'Garlic','20-Oct-2022','14-Nov-2022','21-Oct-2022',20,58,8);
INSERT INTO Fall22_S003_2_Inventory(item_id,item_name,mfd_date,expiry_date,date_purchased,qty_purchased,item_price,qty_left_for_day) VALUES(932,'Bell pepper','11-Oct-2022','21-Oct-2022','13-Oct-2022',19,81.7,9);
INSERT INTO Fall22_S003_2_Inventory(item_id,item_name,mfd_date,expiry_date,date_purchased,qty_purchased,item_price,qty_left_for_day) VALUES(198,'Brocolli','24-Oct-2022','02-Nov-2022','25-Oct-2022',13,44.2,10);
INSERT INTO Fall22_S003_2_Inventory(item_id,item_name,mfd_date,expiry_date,date_purchased,qty_purchased,item_price,qty_left_for_day) VALUES(301,'Carrot','19-Oct-2022','03-Nov-2022','21-Oct-2022',30,87,11);
INSERT INTO Fall22_S003_2_Inventory(item_id,item_name,mfd_date,expiry_date,date_purchased,qty_purchased,item_price,qty_left_for_day) VALUES(718,'Cabbage','14-Oct-2022','30-Oct-2022','16-Oct-2022',16,40,8);
INSERT INTO Fall22_S003_2_Inventory(item_id,item_name,mfd_date,expiry_date,date_purchased,qty_purchased,item_price,qty_left_for_day) VALUES(319,'Cauliflower','17-Oct-2022','01-Nov-2022','19-Oct-2022',16,38.88,12);
INSERT INTO Fall22_S003_2_Inventory(item_id,item_name,mfd_date,expiry_date,date_purchased,qty_purchased,item_price,qty_left_for_day) VALUES(754,'Zucchini','21-Oct-2022','09-Nov-2022','24-Oct-2022',13,60.45,12);
INSERT INTO Fall22_S003_2_Inventory(item_id,item_name,mfd_date,expiry_date,date_purchased,qty_purchased,item_price,qty_left_for_day) VALUES(482,'Spinach','18-Oct-2022','25-Oct-2022','21-Oct-2022',16,58.08,15);
INSERT INTO Fall22_S003_2_Inventory(item_id,item_name,mfd_date,expiry_date,date_purchased,qty_purchased,item_price,qty_left_for_day) VALUES(708,'Mushroom','11-Oct-2022','31-Oct-2022','14-Oct-2022',28,120.4,15);
INSERT INTO Fall22_S003_2_Inventory(item_id,item_name,mfd_date,expiry_date,date_purchased,qty_purchased,item_price,qty_left_for_day) VALUES(207,'Squash','22-Oct-2022','10-Nov-2022','24-Oct-2022',19,114,13);
INSERT INTO Fall22_S003_2_Inventory(item_id,item_name,mfd_date,expiry_date,date_purchased,qty_purchased,item_price,qty_left_for_day) VALUES(758,'Pumpkin','16-Oct-2022','03-Nov-2022','18-Oct-2022',18,99.54,13);
INSERT INTO Fall22_S003_2_Inventory(item_id,item_name,mfd_date,expiry_date,date_purchased,qty_purchased,item_price,qty_left_for_day) VALUES(676,'Cucumber','02-Oct-2022','12-Oct-2022','03-Oct-2022',28,128.24,9);
INSERT INTO Fall22_S003_2_Inventory(item_id,item_name,mfd_date,expiry_date,date_purchased,qty_purchased,item_price,qty_left_for_day) VALUES(144,'Lettuce','25-Oct-2022','02-Nov-2022','27-Oct-2022',24,70.32,12);
INSERT INTO Fall22_S003_2_Inventory(item_id,item_name,mfd_date,expiry_date,date_purchased,qty_purchased,item_price,qty_left_for_day) VALUES(150,'Chicken','01-Oct-2022','06-Oct-2022','04-Oct-2022',28,378.84,14);
INSERT INTO Fall22_S003_2_Inventory(item_id,item_name,mfd_date,expiry_date,date_purchased,qty_purchased,item_price,qty_left_for_day) VALUES(129,'Beef','11-Oct-2022','16-Oct-2022','14-Oct-2022',15,220.05,9);
INSERT INTO Fall22_S003_2_Inventory(item_id,item_name,mfd_date,expiry_date,date_purchased,qty_purchased,item_price,qty_left_for_day) VALUES(896,'Pork','18-Oct-2022','23-Oct-2022','20-Oct-2022',16,223.68,9);
INSERT INTO Fall22_S003_2_Inventory(item_id,item_name,mfd_date,expiry_date,date_purchased,qty_purchased,item_price,qty_left_for_day) VALUES(899,'Shrimp','21-Oct-2022','28-Oct-2022','24-Oct-2022',14,219.38,10);
INSERT INTO Fall22_S003_2_Inventory(item_id,item_name,mfd_date,expiry_date,date_purchased,qty_purchased,item_price,qty_left_for_day) VALUES(580,'Fish','26-Oct-2022','01-Nov-2022','27-Oct-2022',14,208.32,13);
INSERT INTO Fall22_S003_2_Inventory(item_id,item_name,mfd_date,expiry_date,date_purchased,qty_purchased,item_price,qty_left_for_day) VALUES(596,'Pineapple','27-Oct-2022','04-Nov-2022','28-Oct-2022',13,59.28,8);
INSERT INTO Fall22_S003_2_Inventory(item_id,item_name,mfd_date,expiry_date,date_purchased,qty_purchased,item_price,qty_left_for_day) VALUES(230,'Apple','27-Oct-2022','01-Nov-2022','28-Oct-2022',22,76.56,11);
INSERT INTO Fall22_S003_2_Inventory(item_id,item_name,mfd_date,expiry_date,date_purchased,qty_purchased,item_price,qty_left_for_day) VALUES(283,'Orange','29-Oct-2022','10-Nov-2022','31-Oct-2022',21,60.69,13);
INSERT INTO Fall22_S003_2_Inventory(item_id,item_name,mfd_date,expiry_date,date_purchased,qty_purchased,item_price,qty_left_for_day) VALUES(741,'Grapes','08-Oct-2022','16-Oct-2022','10-Oct-2022',11,50.16,13);
INSERT INTO Fall22_S003_2_Inventory(item_id,item_name,mfd_date,expiry_date,date_purchased,qty_purchased,item_price,qty_left_for_day) VALUES(132,'Strawberry','11-Oct-2022','17-Oct-2022','12-Oct-2022',30,97.5,14);
INSERT INTO Fall22_S003_2_Inventory(item_id,item_name,mfd_date,expiry_date,date_purchased,qty_purchased,item_price,qty_left_for_day) VALUES(908,'Banana','25-Oct-2022','29-Oct-2022','25-Oct-2022',27,63.45,12);
INSERT INTO Fall22_S003_2_Inventory(item_id,item_name,mfd_date,expiry_date,date_purchased,qty_purchased,item_price,qty_left_for_day) VALUES(237,'Rice','09-Oct-2022','07-Jan-2023','17-Oct-2022',34,370.26,15);
INSERT INTO Fall22_S003_2_Inventory(item_id,item_name,mfd_date,expiry_date,date_purchased,qty_purchased,item_price,qty_left_for_day) VALUES(957,'Pasta','19-Oct-2022','28-Dec-2022','25-Oct-2022',25,169.5,13);
INSERT INTO Fall22_S003_2_Inventory(item_id,item_name,mfd_date,expiry_date,date_purchased,qty_purchased,item_price,qty_left_for_day) VALUES(176,'Noodle','27-Oct-2022','15-Jan-2023','04-Nov-2022',26,148.2,8);
INSERT INTO Fall22_S003_2_Inventory(item_id,item_name,mfd_date,expiry_date,date_purchased,qty_purchased,item_price,qty_left_for_day) VALUES(750,'Tortillas','01-Oct-2022','16-Oct-2022','08-Oct-2022',18,234,12);
INSERT INTO Fall22_S003_2_Inventory(item_id,item_name,mfd_date,expiry_date,date_purchased,qty_purchased,item_price,qty_left_for_day) VALUES(823,'Wheat flour','21-Oct-2022','05-Dec-2022','29-Oct-2022',31,387.5,13);
INSERT INTO Fall22_S003_2_Inventory(item_id,item_name,mfd_date,expiry_date,date_purchased,qty_purchased,item_price,qty_left_for_day) VALUES(883,'Corn flour','15-Oct-2022','29-Nov-2022','22-Oct-2022',35,441,14);
INSERT INTO Fall22_S003_2_Inventory(item_id,item_name,mfd_date,expiry_date,date_purchased,qty_purchased,item_price,qty_left_for_day) VALUES(279,'Baking powder','12-Oct-2022','11-Dec-2022','17-Oct-2022',17,170,10);
INSERT INTO Fall22_S003_2_Inventory(item_id,item_name,mfd_date,expiry_date,date_purchased,qty_purchased,item_price,qty_left_for_day) VALUES(378,'Baking soda','15-Oct-2022','14-Dec-2022','23-Oct-2022',28,252,8);
INSERT INTO Fall22_S003_2_Inventory(item_id,item_name,mfd_date,expiry_date,date_purchased,qty_purchased,item_price,qty_left_for_day) VALUES(321,'Yogurt','15-Oct-2022','09-Nov-2022','22-Oct-2022',30,210,8);
INSERT INTO Fall22_S003_2_Inventory(item_id,item_name,mfd_date,expiry_date,date_purchased,qty_purchased,item_price,qty_left_for_day) VALUES(914,'Cheese','02-Oct-2022','11-Nov-2022','09-Oct-2022',34,187,13);
INSERT INTO Fall22_S003_2_Inventory(item_id,item_name,mfd_date,expiry_date,date_purchased,qty_purchased,item_price,qty_left_for_day) VALUES(855,'Ginger powder','06-Oct-2022','04-Jan-2023','11-Oct-2022',29,174,26);
INSERT INTO Fall22_S003_2_Inventory(item_id,item_name,mfd_date,expiry_date,date_purchased,qty_purchased,item_price,qty_left_for_day) VALUES(606,'Garlic powder','14-Oct-2022','12-Jan-2023','20-Oct-2022',28,168,18);
INSERT INTO Fall22_S003_2_Inventory(item_id,item_name,mfd_date,expiry_date,date_purchased,qty_purchased,item_price,qty_left_for_day) VALUES(987,'Chilli powder','15-Oct-2022','13-Jan-2023','20-Oct-2022',30,210,15);
INSERT INTO Fall22_S003_2_Inventory(item_id,item_name,mfd_date,expiry_date,date_purchased,qty_purchased,item_price,qty_left_for_day) VALUES(325,'Turmeric powder','06-Oct-2022','04-Jan-2023','11-Oct-2022',10,75,10);
INSERT INTO Fall22_S003_2_Inventory(item_id,item_name,mfd_date,expiry_date,date_purchased,qty_purchased,item_price,qty_left_for_day) VALUES(282,'Oregano','30-Oct-2022','28-Jan-2023','06-Nov-2022',22,176,15);
INSERT INTO Fall22_S003_2_Inventory(item_id,item_name,mfd_date,expiry_date,date_purchased,qty_purchased,item_price,qty_left_for_day) VALUES(322,'Thyme','21-Oct-2022','19-Jan-2023','28-Oct-2022',10,80,14);
INSERT INTO Fall22_S003_2_Inventory(item_id,item_name,mfd_date,expiry_date,date_purchased,qty_purchased,item_price,qty_left_for_day) VALUES(461,'Parsley','17-Oct-2022','15-Jan-2023','25-Oct-2022',14,112,11);
INSERT INTO Fall22_S003_2_Inventory(item_id,item_name,mfd_date,expiry_date,date_purchased,qty_purchased,item_price,qty_left_for_day) VALUES(615,'Black pepper','27-Oct-2022','25-Jan-2023','02-Nov-2022',24,120,15);
INSERT INTO Fall22_S003_2_Inventory(item_id,item_name,mfd_date,expiry_date,date_purchased,qty_purchased,item_price,qty_left_for_day) VALUES(794,'Salt','21-Oct-2022','19-Jan-2023','27-Oct-2022',32,128,9);
INSERT INTO Fall22_S003_2_Inventory(item_id,item_name,mfd_date,expiry_date,date_purchased,qty_purchased,item_price,qty_left_for_day) VALUES(462,'Sugar','27-Oct-2022','05-Jan-2023','02-Nov-2022',14,84,12);
INSERT INTO Fall22_S003_2_Inventory(item_id,item_name,mfd_date,expiry_date,date_purchased,qty_purchased,item_price,qty_left_for_day) VALUES(822,'Paprika','10-Oct-2022','08-Jan-2023','16-Oct-2022',16,112,15);
INSERT INTO Fall22_S003_2_Inventory(item_id,item_name,mfd_date,expiry_date,date_purchased,qty_purchased,item_price,qty_left_for_day) VALUES(662,'Vegetable oil','10-Oct-2022','24-Nov-2022','15-Oct-2022',36,684,11);
INSERT INTO Fall22_S003_2_Inventory(item_id,item_name,mfd_date,expiry_date,date_purchased,qty_purchased,item_price,qty_left_for_day) VALUES(527,'Butter','08-Oct-2022','22-Nov-2022','16-Oct-2022',37,185,15);
INSERT INTO Fall22_S003_2_Inventory(item_id,item_name,mfd_date,expiry_date,date_purchased,qty_purchased,item_price,qty_left_for_day) VALUES(966,'Cooking oil','19-Oct-2022','03-Dec-2022','25-Oct-2022',30,570,12);
INSERT INTO Fall22_S003_2_Inventory(item_id,item_name,mfd_date,expiry_date,date_purchased,qty_purchased,item_price,qty_left_for_day) VALUES(127,'Soy sauce','29-Oct-2022','28-Dec-2022','04-Nov-2022',23,299,15);
INSERT INTO Fall22_S003_2_Inventory(item_id,item_name,mfd_date,expiry_date,date_purchased,qty_purchased,item_price,qty_left_for_day) VALUES(664,'Vinegar','18-Oct-2022','06-Jan-2023','26-Oct-2022',20,280,14);
INSERT INTO Fall22_S003_2_Inventory(item_id,item_name,mfd_date,expiry_date,date_purchased,qty_purchased,item_price,qty_left_for_day) VALUES(816,'Spoons','12-Mar-2021','11-Mar-2026','22-Mar-2021',40,480,null);
INSERT INTO Fall22_S003_2_Inventory(item_id,item_name,mfd_date,expiry_date,date_purchased,qty_purchased,item_price,qty_left_for_day) VALUES(426,'Forks','02-Mar-2021','01-Mar-2026','14-Mar-2021',40,480,null);
INSERT INTO Fall22_S003_2_Inventory(item_id,item_name,mfd_date,expiry_date,date_purchased,qty_purchased,item_price,qty_left_for_day) VALUES(386,'Knifes','04-Mar-2021','03-Mar-2026','16-Mar-2021',40,480,null);
INSERT INTO Fall22_S003_2_Inventory(item_id,item_name,mfd_date,expiry_date,date_purchased,qty_purchased,item_price,qty_left_for_day) VALUES(138,'Bowls','15-Mar-2021','14-Mar-2026','30-Mar-2021',50,750,null);
INSERT INTO Fall22_S003_2_Inventory(item_id,item_name,mfd_date,expiry_date,date_purchased,qty_purchased,item_price,qty_left_for_day) VALUES(919,'Plates','08-Mar-2021','07-Mar-2026','23-Mar-2021',50,750,null);
INSERT INTO Fall22_S003_2_Inventory(item_id,item_name,mfd_date,expiry_date,date_purchased,qty_purchased,item_price,qty_left_for_day) VALUES(432,'Pans','05-Mar-2021','04-Mar-2026','21-Mar-2021',29,725,null);
INSERT INTO Fall22_S003_2_Inventory(item_id,item_name,mfd_date,expiry_date,date_purchased,qty_purchased,item_price,qty_left_for_day) VALUES(105,'Pots','08-Mar-2021','07-Mar-2026','26-Mar-2021',16,400,null);
INSERT INTO Fall22_S003_2_Inventory(item_id,item_name,mfd_date,expiry_date,date_purchased,qty_purchased,item_price,qty_left_for_day) VALUES(937,'Blenders','12-Mar-2021','11-Mar-2026','28-Mar-2021',7,161,null);
INSERT INTO Fall22_S003_2_Inventory(item_id,item_name,mfd_date,expiry_date,date_purchased,qty_purchased,item_price,qty_left_for_day) VALUES(646,'Tables','05-Mar-2021','04-Mar-2026','15-Mar-2021',20,800,null);
INSERT INTO Fall22_S003_2_Inventory(item_id,item_name,mfd_date,expiry_date,date_purchased,qty_purchased,item_price,qty_left_for_day) VALUES(574,'Chairs','09-Mar-2021','08-Mar-2026','19-Mar-2021',80,2160,null);
INSERT INTO Fall22_S003_2_Inventory(item_id,item_name,mfd_date,expiry_date,date_purchased,qty_purchased,item_price,qty_left_for_day) VALUES(205,'Aprons','22-Oct-2021','22-Oct-2023','01-Nov-2021',60,360,7);
INSERT INTO Fall22_S003_2_Inventory(item_id,item_name,mfd_date,expiry_date,date_purchased,qty_purchased,item_price,qty_left_for_day) VALUES(183,'Hairnet','21-Jun-2022','20-Jun-2024','06-Jul-2022',50,200,45);
INSERT INTO Fall22_S003_2_Inventory(item_id,item_name,mfd_date,expiry_date,date_purchased,qty_purchased,item_price,qty_left_for_day) VALUES(724,'Chef coats','20-Jun-2022','19-Jun-2024','03-Jul-2022',25,350,null);
INSERT INTO Fall22_S003_2_Inventory(item_id,item_name,mfd_date,expiry_date,date_purchased,qty_purchased,item_price,qty_left_for_day) VALUES(238,'Disposable gloves','15-Sep-2022','14-Dec-2022','02-Oct-2022',150,2250,40);
INSERT INTO Fall22_S003_2_Inventory(item_id,item_name,mfd_date,expiry_date,date_purchased,qty_purchased,item_price,qty_left_for_day) VALUES(807,'Tissue napkin','19-Jun-2022','18-Jun-2024','05-Jul-2022',110,1650,30);
INSERT INTO Fall22_S003_2_Inventory(item_id,item_name,mfd_date,expiry_date,date_purchased,qty_purchased,item_price,qty_left_for_day) VALUES(290,'Sanitizer','18-Jun-2022','15-Nov-2022','30-Jun-2022',26,598,16);
INSERT INTO Fall22_S003_2_Inventory(item_id,item_name,mfd_date,expiry_date,date_purchased,qty_purchased,item_price,qty_left_for_day) VALUES(507,'Washcloth','10-Nov-2021','10-Nov-2023','23-Nov-2021',200,2600,125);
INSERT INTO Fall22_S003_2_Inventory(item_id,item_name,mfd_date,expiry_date,date_purchased,qty_purchased,item_price,qty_left_for_day) VALUES(529,'Food cart','18-Feb-2021','18-Feb-2023','02-Mar-2021',20,520,null);
INSERT INTO Fall22_S003_2_Inventory(item_id,item_name,mfd_date,expiry_date,date_purchased,qty_purchased,item_price,qty_left_for_day) VALUES(875,'Beverage cups','22-Jun-2022','21-Jun-2024','02-Jul-2022',150,1950,43);
INSERT INTO Fall22_S003_2_Inventory(item_id,item_name,mfd_date,expiry_date,date_purchased,qty_purchased,item_price,qty_left_for_day) VALUES(318,'To-go boxes','16-Jun-2022','15-Jun-2024','03-Jul-2022',140,1820,78);
-----------------------------------------------------------------------------------INVENTORY TABLE ENDS HERE------------------------------





---------------------------------------------------------------------------------------EMPLOYEE TABLE STARTS HERE------------------------------
insert into Fall22_S003_2_Employee(eid,f_name,m_name,l_name,gender,dob,salary,phone#,supID,imgrID) values(1697693,'Jackson','','Skinner','m','20-Oct-1992',3875,6861862232,null,null);

insert into Fall22_S003_2_Employee(eid,f_name,m_name,l_name,gender,dob,salary,phone#,supID,imgrID) values(1642178,'Evan','','Riggs','m','07-Sep-1994',3400,6012080182,null,null);

insert into Fall22_S003_2_Employee(eid,f_name,m_name,l_name,gender,dob,salary,phone#,supID,imgrID) values(1112441,'Ayana','','Ayala','f','09-Oct-1992',3600,6193049488,null,null);

insert into Fall22_S003_2_Employee(eid,f_name,m_name,l_name,gender,dob,salary,phone#,supID,imgrID) values(1069577,'Cornelius','','Stanley','m','13-Feb-1993',3765,6531358548,null,null);

insert into Fall22_S003_2_Employee(eid,f_name,m_name,l_name,gender,dob,salary,phone#,supID,imgrID) values(1048060,'Payton','Andi','Martin','m','26-Apr-1991',3490,6056668648,null,null);

insert into Fall22_S003_2_Employee(eid,f_name,m_name,l_name,gender,dob,salary,phone#,supID,imgrID) values(1244972,'Jamiya','','Peck','f','14-Sep-1995',3777,6337104755,null,null);

insert into Fall22_S003_2_Employee(eid,f_name,m_name,l_name,gender,dob,salary,phone#,supID,imgrID) values(1557875,'Sam','Zeek','Murillo','m','07-Aug-1993',3500,6748675259,null,null);

insert into Fall22_S003_2_Employee(eid,f_name,m_name,l_name,gender,dob,salary,phone#,supID,imgrID) values(1015085,'Cynthia','','Edwards','f','04-Sep-1995',3400,6708311945,null,null);

insert into Fall22_S003_2_Employee(eid,f_name,m_name,l_name,gender,dob,salary,phone#,supID,imgrID) values(1311276,'Landyn','','Hogan','f','23-Mar-1994',3600,6539355249,null,null);

insert into Fall22_S003_2_Employee(eid,f_name,m_name,l_name,gender,dob,salary,phone#,supID,imgrID) values(1325620,'Tobias','Lynn','Carson','m','08-Sep-1995',3490,6566369698,null,null);

insert into Fall22_S003_2_Employee(eid,f_name,m_name,l_name,gender,dob,salary,phone#,supID,imgrID) values(1562569,'Lucas','Elora','Robbins','m','16-Apr-1994',3590,6392040305,null,null);

insert into Fall22_S003_2_Employee(eid,f_name,m_name,l_name,gender,dob,salary,phone#,supID,imgrID) values(1407142,'Everett','Eddy','Grimes','m','13-Jun-1996',3690,6601205086,null,null);

insert into Fall22_S003_2_Employee(eid,f_name,m_name,l_name,gender,dob,salary,phone#,supID,imgrID) values(1179408,'Renee','James','Harding','f','11-Nov-1998',1790,6338379395,1697693,1642178);

insert into Fall22_S003_2_Employee(eid,f_name,m_name,l_name,gender,dob,salary,phone#,supID,imgrID) values(1885335,'Coleman','James','Morrison','m','10-Dec-1998',1800,6475010825,1697693,1642178);

insert into Fall22_S003_2_Employee(eid,f_name,m_name,l_name,gender,dob,salary,phone#,supID,imgrID) values(1062715,'Terrell','Drake','chambers','m','25-Apr-2000',1500,6806829018,1697693,1642178);

insert into Fall22_S003_2_Employee(eid,f_name,m_name,l_name,gender,dob,salary,phone#,supID,imgrID) values(1529403,'Dakota','Ellis','Hubbard','m','11-May-1999',1600,6645665622,1697693,1642178);

insert into Fall22_S003_2_Employee(eid,f_name,m_name,l_name,gender,dob,salary,phone#,supID,imgrID) values(1943805,'Veronica','','Li','f','09-Nov-1998',1700,6758574177,1697693,1642178);

insert into Fall22_S003_2_Employee(eid,f_name,m_name,l_name,gender,dob,salary,phone#,supID,imgrID) values(1134058,'Zane','fred','Allen','m','29-May-1997',1800,6396080366,1697693,1642178);

insert into Fall22_S003_2_Employee(eid,f_name,m_name,l_name,gender,dob,salary,phone#,supID,imgrID) values(1949756,'Jeremiah','Jack','Bridges','f','04-Aug-1994',1670,6707037624,1697693,1642178);

insert into Fall22_S003_2_Employee(eid,f_name,m_name,l_name,gender,dob,salary,phone#,supID,imgrID) values(1661813,'Alexa','','Hampton','f','09-Dec-1997',1760,6343474554,1697693,1642178);

insert into Fall22_S003_2_Employee(eid,f_name,m_name,l_name,gender,dob,salary,phone#,supID,imgrID) values(1515560,'Braydon','ASlyn','Miles','m','07-Aug-1998',1880,6158307072,1697693,1642178);

insert into Fall22_S003_2_Employee(eid,f_name,m_name,l_name,gender,dob,salary,phone#,supID,imgrID) values(1113964,'Genesis','Daniel','Finley','f','01-Aug-1999',1900,6255439949,1244972,1642178);

insert into Fall22_S003_2_Employee(eid,f_name,m_name,l_name,gender,dob,salary,phone#,supID,imgrID) values(1053061,'Davion','Alia','Lane','m','03-Feb-1992',1990,6817155442,1407142,1642178);

insert into Fall22_S003_2_Employee(eid,f_name,m_name,l_name,gender,dob,salary,phone#,supID,imgrID) values(1688817,'Karli','Ramez','Werner','f','05-Jan-1996',1890,6637339704,1562569,1642178);

insert into Fall22_S003_2_Employee(eid,f_name,m_name,l_name,gender,dob,salary,phone#,supID,imgrID) values(1150684,'Aron','','Turner','m','19-Apr-1999',1790,6939346129,1407142,1642178);

insert into Fall22_S003_2_Employee(eid,f_name,m_name,l_name,gender,dob,salary,phone#,supID,imgrID) values(1685667,'Shyann','Zelda','Bowman','m','16-Jun-1994',1890,6224477992,1407142,1642178);

insert into Fall22_S003_2_Employee(eid,f_name,m_name,l_name,gender,dob,salary,phone#,supID,imgrID) values(1893148,'Addison','','Barker','m','23-Sep-1997',1780,6860140045,1112441,1642178);

insert into Fall22_S003_2_Employee(eid,f_name,m_name,l_name,gender,dob,salary,phone#,supID,imgrID) values(1624192,'Makenzie','Lennox','Sawyer','m','18-Jun-1995',1870,6914706783,1048060,1642178);

insert into Fall22_S003_2_Employee(eid,f_name,m_name,l_name,gender,dob,salary,phone#,supID,imgrID) values(1105288,'Jorge','','Lindsey','m','13-Dec-1994',1670,6695170462,1112441,1642178);

insert into Fall22_S003_2_Employee(eid,f_name,m_name,l_name,gender,dob,salary,phone#,supID,imgrID) values(1681479,'Kristen','Thomas','Farmer','f','15-Sep-1997',1888,6891572062,1407142,1642178);

insert into Fall22_S003_2_Employee(eid,f_name,m_name,l_name,gender,dob,salary,phone#,supID,imgrID) values(1235296,'Ayden','Dalary','Maldonado','m','14-Nov-1992',1998,6437836456,1697693,1642178);

insert into Fall22_S003_2_Employee(eid,f_name,m_name,l_name,gender,dob,salary,phone#,supID,imgrID) values(1800981,'Jack','','Mclean','m','19-Mar-1999',1789,6718620145,1048060,1642178);

insert into Fall22_S003_2_Employee(eid,f_name,m_name,l_name,gender,dob,salary,phone#,supID,imgrID) values(1095058,'Shiloh','Dino','Schmitt','f','08-Nov-1996',1879,6079177365,1112441,1642178);

insert into Fall22_S003_2_Employee(eid,f_name,m_name,l_name,gender,dob,salary,phone#,supID,imgrID) values(1546715,'Madalynn','Chase','Cortez','f','09-Nov-1998',1777,6289795818,1048060,1642178);

insert into Fall22_S003_2_Employee(eid,f_name,m_name,l_name,gender,dob,salary,phone#,supID,imgrID) values(1554854,'Gage','Goose','Gilmore','m','16-Oct-1998',1890,6393133712,1562569,1642178);

insert into Fall22_S003_2_Employee(eid,f_name,m_name,l_name,gender,dob,salary,phone#,supID,imgrID) values(1218546,'Larry','Bria','Schaefer','m','14-Oct-1969',1970,6207905204,1562569,1642178);

insert into Fall22_S003_2_Employee(eid,f_name,m_name,l_name,gender,dob,salary,phone#,supID,imgrID) values(1900386,'Crystal','Troy','Rosales','f','09-Oct-1999',1678,6757977296,1562569,1642178);

insert into Fall22_S003_2_Employee(eid,f_name,m_name,l_name,gender,dob,salary,phone#,supID,imgrID) values(1044465,'Estrella','','Avila','f','10-Aug-1989',1890,6981578783,1697693,1642178);

insert into Fall22_S003_2_Employee(eid,f_name,m_name,l_name,gender,dob,salary,phone#,supID,imgrID) values(1868798,'Kenneth','Kaya','Li','f','19-Jul-1990',1980,6233876379,1697693,1642178);

insert into Fall22_S003_2_Employee(eid,f_name,m_name,l_name,gender,dob,salary,phone#,supID,imgrID) values(1313025,'Lila','','Friedman','f','20-Mar-1991',1789,6215722189,1112441,1642178);

insert into Fall22_S003_2_Employee(eid,f_name,m_name,l_name,gender,dob,salary,phone#,supID,imgrID) values(1040594,'Camilla','','Richard','f','21-Oct-1998',1877,6889796995,1048060,1642178);

insert into Fall22_S003_2_Employee(eid,f_name,m_name,l_name,gender,dob,salary,phone#,supID,imgrID) values(1561946,'Maurice','Noor','Moses','f','03-Mar-1973',1967,6729048654,1112441,1642178);

insert into Fall22_S003_2_Employee(eid,f_name,m_name,l_name,gender,dob,salary,phone#,supID,imgrID) values(1085009,'Lilly','','Schneider','f','21-Sep-1998',1897,6233048780,1048060,1642178);

insert into Fall22_S003_2_Employee(eid,f_name,m_name,l_name,gender,dob,salary,phone#,supID,imgrID) values(1232527,'Abby','Al','Rios','m','03-Jun-1996',1900,6767621915,1407142,1642178);

insert into Fall22_S003_2_Employee(eid,f_name,m_name,l_name,gender,dob,salary,phone#,supID,imgrID) values(1507559,'Ingrid','Troy','David','m','27-Jan-1973',1683,6463049303,1407142,1642178);

insert into Fall22_S003_2_Employee(eid,f_name,m_name,l_name,gender,dob,salary,phone#,supID,imgrID) values(1784492,'Kayleigh','Tay','Winter','m','21-Jan-1993',1678,6308107320,1562569,1642178);

insert into Fall22_S003_2_Employee(eid,f_name,m_name,l_name,gender,dob,salary,phone#,supID,imgrID) values(1655564,'Marley','','Booker','m','21-Feb-1990',1876,6823744457,1562569,1642178);

insert into Fall22_S003_2_Employee(eid,f_name,m_name,l_name,gender,dob,salary,phone#,supID,imgrID) values(1292957,'Lexi','Shaun','Morgan','f','06-Jun-1989',1979,6823177497,1407142,1642178);

insert into Fall22_S003_2_Employee(eid,f_name,m_name,l_name,gender,dob,salary,phone#,supID,imgrID) values(1304909,'Albert','','Frankie','m','09-May-1987',1709,6823743998,1112441,1642178);

insert into Fall22_S003_2_Employee(eid,f_name,m_name,l_name,gender,dob,salary,phone#,supID,imgrID) values(1511788,'Rhea','','Shawn','f','06-Jan-1990',1870,6823746079,1048060,1642178);
------------------------------------------------------------------------------------------EMPLOYEE TABLE ENDS HERE------------------------------


------------------------------------DEPARTMENT TABLE STARTS HERE------------------------------
insert into Fall22_S003_2_Department(dept_ID,dept_name,mgrID,start_date) values(1,'Inventory',1642178,'21-Oct-2018');

insert into Fall22_S003_2_Department(dept_ID,dept_name,mgrID,start_date) values(2,'Accounting',1069577,'04-Jan-2017');

insert into Fall22_S003_2_Department(dept_ID,dept_name,mgrID,start_date) values(3,'Floor Staff',1311276,'03-Feb-2018');

insert into Fall22_S003_2_Department(dept_ID,dept_name,mgrID,start_date) values(4,'Human Resource',1557875,'15-May-2019');

insert into Fall22_S003_2_Department(dept_ID,dept_name,mgrID,start_date) values(5,'Facilities',1325620,'10-Dec-2017');

insert into Fall22_S003_2_Department(dept_ID,dept_name,mgrID,start_date) values(6,'Kitchen',1015085,'29-Aug-2019');
--------------------------------------------DEPARTMENT TABLE ENDS HERE------------------------------




------------------DEPARTMENT EMPLOYEE TABLE STARTS HERE------------------------------
INSERT INTO Fall22_S003_2_Dept_Emp(eid,DeptId) VALUES(1179408,3);
INSERT INTO Fall22_S003_2_Dept_Emp(eid,DeptId) VALUES(1885335,3);
INSERT INTO Fall22_S003_2_Dept_Emp(eid,DeptId) VALUES(1062715,3);
INSERT INTO Fall22_S003_2_Dept_Emp(eid,DeptId) VALUES(1529403,3);
INSERT INTO Fall22_S003_2_Dept_Emp(eid,DeptId) VALUES(1697693,3);
INSERT INTO Fall22_S003_2_Dept_Emp(eid,DeptId) VALUES(1943805,3);
INSERT INTO Fall22_S003_2_Dept_Emp(eid,DeptId) VALUES(1134058,3);
INSERT INTO Fall22_S003_2_Dept_Emp(eid,DeptId) VALUES(1949756,3);
INSERT INTO Fall22_S003_2_Dept_Emp(eid,DeptId) VALUES(1661813,3);
INSERT INTO Fall22_S003_2_Dept_Emp(eid,DeptId) VALUES(1515560,3);
INSERT INTO Fall22_S003_2_Dept_Emp(eid,DeptId) VALUES(1642178,1);
INSERT INTO Fall22_S003_2_Dept_Emp(eid,DeptId) VALUES(1113964,1);
INSERT INTO Fall22_S003_2_Dept_Emp(eid,DeptId) VALUES(1112441,4);
INSERT INTO Fall22_S003_2_Dept_Emp(eid,DeptId) VALUES(1053061,5);
INSERT INTO Fall22_S003_2_Dept_Emp(eid,DeptId) VALUES(1069577,2);
INSERT INTO Fall22_S003_2_Dept_Emp(eid,DeptId) VALUES(1688817,6);
INSERT INTO Fall22_S003_2_Dept_Emp(eid,DeptId) VALUES(1048060,2);
INSERT INTO Fall22_S003_2_Dept_Emp(eid,DeptId) VALUES(1150684,5);
INSERT INTO Fall22_S003_2_Dept_Emp(eid,DeptId) VALUES(1244972,1);
INSERT INTO Fall22_S003_2_Dept_Emp(eid,DeptId) VALUES(1557875,4);
INSERT INTO Fall22_S003_2_Dept_Emp(eid,DeptId) VALUES(1015085,6);
INSERT INTO Fall22_S003_2_Dept_Emp(eid,DeptId) VALUES(1685667,5);
INSERT INTO Fall22_S003_2_Dept_Emp(eid,DeptId) VALUES(1893148,4);
INSERT INTO Fall22_S003_2_Dept_Emp(eid,DeptId) VALUES(1624192,2);
INSERT INTO Fall22_S003_2_Dept_Emp(eid,DeptId) VALUES(1311276,3);
INSERT INTO Fall22_S003_2_Dept_Emp(eid,DeptId) VALUES(1325620,5);
INSERT INTO Fall22_S003_2_Dept_Emp(eid,DeptId) VALUES(1105288,4);
INSERT INTO Fall22_S003_2_Dept_Emp(eid,DeptId) VALUES(1681479,5);
INSERT INTO Fall22_S003_2_Dept_Emp(eid,DeptId) VALUES(1562569,6);
INSERT INTO Fall22_S003_2_Dept_Emp(eid,DeptId) VALUES(1235296,3);
INSERT INTO Fall22_S003_2_Dept_Emp(eid,DeptId) VALUES(1800981,2);
INSERT INTO Fall22_S003_2_Dept_Emp(eid,DeptId) VALUES(1095058,4);
INSERT INTO Fall22_S003_2_Dept_Emp(eid,DeptId) VALUES(1407142,5);
INSERT INTO Fall22_S003_2_Dept_Emp(eid,DeptId) VALUES(1546715,2);
INSERT INTO Fall22_S003_2_Dept_Emp(eid,DeptId) VALUES(1554854,6);
INSERT INTO Fall22_S003_2_Dept_Emp(eid,DeptId) VALUES(1218546,6);
INSERT INTO Fall22_S003_2_Dept_Emp(eid,DeptId) VALUES(1900386,6);
INSERT INTO Fall22_S003_2_Dept_Emp(eid,DeptId) VALUES(1044465,3);
INSERT INTO Fall22_S003_2_Dept_Emp(eid,DeptId) VALUES(1868798,3);
INSERT INTO Fall22_S003_2_Dept_Emp(eid,DeptId) VALUES(1313025,4);
INSERT INTO Fall22_S003_2_Dept_Emp(eid,DeptId) VALUES(1040594,2);
INSERT INTO Fall22_S003_2_Dept_Emp(eid,DeptId) VALUES(1561946,4);
INSERT INTO Fall22_S003_2_Dept_Emp(eid,DeptId) VALUES(1085009,2);
INSERT INTO Fall22_S003_2_Dept_Emp(eid,DeptId) VALUES(1232527,5);
INSERT INTO Fall22_S003_2_Dept_Emp(eid,DeptId) VALUES(1507559,5);
INSERT INTO Fall22_S003_2_Dept_Emp(eid,DeptId) VALUES(1784492,6);
INSERT INTO Fall22_S003_2_Dept_Emp(eid,DeptId) VALUES(1655564,6);
INSERT INTO Fall22_S003_2_Dept_Emp(eid,DeptId) VALUES(1292957,5);
INSERT INTO Fall22_S003_2_Dept_Emp(eid,DeptId) VALUES(1304909,4);
INSERT INTO Fall22_S003_2_Dept_Emp(eid,DeptId) VALUES(1511788,2);
-----------------DEPARTMENT EMPLOYEE TABLE ENDS HERE------------------------------



-----------------EMPLOYEE ADD ZIPCODE TABLE STARTS HERE------------------------------
insert into Fall22_S003_2_Employee_Add_Zipcode(zipcode,city)
values(73301,'Austin');

insert into Fall22_S003_2_Employee_Add_Zipcode(zipcode,city)
values(73344,'Austin');

insert into Fall22_S003_2_Employee_Add_Zipcode(zipcode,city)
values(73960,'Texhoma');

insert into Fall22_S003_2_Employee_Add_Zipcode(zipcode,city)
values(75001,'Addison');

insert into Fall22_S003_2_Employee_Add_Zipcode(zipcode,city)
values(75002,'Allen');

insert into Fall22_S003_2_Employee_Add_Zipcode(zipcode,city)
values(75006,'Carrollton');

insert into Fall22_S003_2_Employee_Add_Zipcode(zipcode,city)
values(75007,'Carrollton');

insert into Fall22_S003_2_Employee_Add_Zipcode(zipcode,city)
values(75009,'Celina');

insert into Fall22_S003_2_Employee_Add_Zipcode(zipcode,city)
values(75010,'Carrollton');

insert into Fall22_S003_2_Employee_Add_Zipcode(zipcode,city)
values(75011,'Carrollton');

insert into Fall22_S003_2_Employee_Add_Zipcode(zipcode,city)
values(75013,'Allen');

insert into Fall22_S003_2_Employee_Add_Zipcode(zipcode,city)
values(75014,'Irving');

insert into Fall22_S003_2_Employee_Add_Zipcode(zipcode,city)
values(75015,'Irving');

insert into Fall22_S003_2_Employee_Add_Zipcode(zipcode,city)
values(75016,'Irving');

insert into Fall22_S003_2_Employee_Add_Zipcode(zipcode,city)
values(75017,'Irving');

insert into Fall22_S003_2_Employee_Add_Zipcode(zipcode,city)
values(75019,'Coppell');

insert into Fall22_S003_2_Employee_Add_Zipcode(zipcode,city)
values(75020,'Denison');

insert into Fall22_S003_2_Employee_Add_Zipcode(zipcode,city)
values(75021,'Denison');

insert into Fall22_S003_2_Employee_Add_Zipcode(zipcode,city)
values(75022,'Flower Mound');

insert into Fall22_S003_2_Employee_Add_Zipcode(zipcode,city)
values(75023,'Plano');

insert into Fall22_S003_2_Employee_Add_Zipcode(zipcode,city)
values(75024,'Plano');

insert into Fall22_S003_2_Employee_Add_Zipcode(zipcode,city)
values(75025,'Plano');

insert into Fall22_S003_2_Employee_Add_Zipcode(zipcode,city)
values(75026,'Plano');

insert into Fall22_S003_2_Employee_Add_Zipcode(zipcode,city)
values(75027,'Flower Mound');

insert into Fall22_S003_2_Employee_Add_Zipcode(zipcode,city)
values(75028,'Flower Mound');

insert into Fall22_S003_2_Employee_Add_Zipcode(zipcode,city)
values(75029,'Lewisville');

insert into Fall22_S003_2_Employee_Add_Zipcode(zipcode,city)
values(75030,'Rowlett');

insert into Fall22_S003_2_Employee_Add_Zipcode(zipcode,city)
values(75032,'Rockwall');

insert into Fall22_S003_2_Employee_Add_Zipcode(zipcode,city)
values(75033,'Frisco');

insert into Fall22_S003_2_Employee_Add_Zipcode(zipcode,city)
values(75034,'Frisco');

insert into Fall22_S003_2_Employee_Add_Zipcode(zipcode,city)
values(75035,'Frisco');

insert into Fall22_S003_2_Employee_Add_Zipcode(zipcode,city)
values(75037,'Irving');

insert into Fall22_S003_2_Employee_Add_Zipcode(zipcode,city)
values(75038,'Irving');

insert into Fall22_S003_2_Employee_Add_Zipcode(zipcode,city)
values(75039,'Irving');

insert into Fall22_S003_2_Employee_Add_Zipcode(zipcode,city)
values(75040,'Garland');

insert into Fall22_S003_2_Employee_Add_Zipcode(zipcode,city)
values(75041,'Garland');

insert into Fall22_S003_2_Employee_Add_Zipcode(zipcode,city)
values(75042,'Garland');

insert into Fall22_S003_2_Employee_Add_Zipcode(zipcode,city)
values(75043,'Garland');

insert into Fall22_S003_2_Employee_Add_Zipcode(zipcode,city)
values(75044,'Garland');

insert into Fall22_S003_2_Employee_Add_Zipcode(zipcode,city)
values(75045,'Garland');

insert into Fall22_S003_2_Employee_Add_Zipcode(zipcode,city)
values(75046,'Garland');

insert into Fall22_S003_2_Employee_Add_Zipcode(zipcode,city)
values(75047,'Garland');

insert into Fall22_S003_2_Employee_Add_Zipcode(zipcode,city)
values(75048,'Sachse');

insert into Fall22_S003_2_Employee_Add_Zipcode(zipcode,city)
values(75049,'Garland');

insert into Fall22_S003_2_Employee_Add_Zipcode(zipcode,city)
values(75050,'Grand Prairie');

insert into Fall22_S003_2_Employee_Add_Zipcode(zipcode,city)
values(75051,'Grand Prairie');

insert into Fall22_S003_2_Employee_Add_Zipcode(zipcode,city)
values(75052,'Grand Prairie');

insert into Fall22_S003_2_Employee_Add_Zipcode(zipcode,city)
values(75053,'Grand Prairie');

insert into Fall22_S003_2_Employee_Add_Zipcode(zipcode,city)
values(75054,'Grand Prairie');

insert into Fall22_S003_2_Employee_Add_Zipcode(zipcode,city)
values(75056,'The Colony');
-----------------EMPLOYEE ADD ZIPCODE TABLE ENDS HERE------------------------------



--------------------------EMPLOYEE ADDRESS TABLE STARTS HERE------------------------------
insert into Fall22_S003_2_Employee_Address(eid,zipcode,street) values(1179408,73301,'baker street ');
insert into Fall22_S003_2_Employee_Address(eid,zipcode,street) values(1885335,73344,'west waltz');
insert into Fall22_S003_2_Employee_Address(eid,zipcode,street) values(1062715,73960,'east collins');
insert into Fall22_S003_2_Employee_Address(eid,zipcode,street) values(1529403,75001,'west collins');
insert into Fall22_S003_2_Employee_Address(eid,zipcode,street) values(1697693,75002,'north collins');
insert into Fall22_S003_2_Employee_Address(eid,zipcode,street) values(1943805,75006,'southampton');
insert into Fall22_S003_2_Employee_Address(eid,zipcode,street) values(1134058,75007,'westampton');
insert into Fall22_S003_2_Employee_Address(eid,zipcode,street) values(1949756,75009,'east border');
insert into Fall22_S003_2_Employee_Address(eid,zipcode,street) values(1661813,75010,'west border');
insert into Fall22_S003_2_Employee_Address(eid,zipcode,street) values(1515560,75011,'north border');
insert into Fall22_S003_2_Employee_Address(eid,zipcode,street) values(1642178,75013,'park place');
insert into Fall22_S003_2_Employee_Address(eid,zipcode,street) values(1113964,75014,'cooper st');
insert into Fall22_S003_2_Employee_Address(eid,zipcode,street) values(1112441,75015,'north cooper');
insert into Fall22_S003_2_Employee_Address(eid,zipcode,street) values(1053061,75016,'damden');
insert into Fall22_S003_2_Employee_Address(eid,zipcode,street) values(1069577,75017,'jefferson');
insert into Fall22_S003_2_Employee_Address(eid,zipcode,street) values(1688817,75019,'thomas cook');
insert into Fall22_S003_2_Employee_Address(eid,zipcode,street) values(1048060,75020,'north steven');
insert into Fall22_S003_2_Employee_Address(eid,zipcode,street) values(1150684,75021,'north avenue');
insert into Fall22_S003_2_Employee_Address(eid,zipcode,street) values(1244972,75022,'south avenue');
insert into Fall22_S003_2_Employee_Address(eid,zipcode,street) values(1557875,75023,'west steven');
insert into Fall22_S003_2_Employee_Address(eid,zipcode,street) values(1015085,75024,'abhram');
insert into Fall22_S003_2_Employee_Address(eid,zipcode,street) values(1685667,75025,'university center');
insert into Fall22_S003_2_Employee_Address(eid,zipcode,street) values(1893148,75026,'west abhram');
insert into Fall22_S003_2_Employee_Address(eid,zipcode,street) values(1624192,75027,'north dakota');
insert into Fall22_S003_2_Employee_Address(eid,zipcode,street) values(1311276,75028,'west norman');
insert into Fall22_S003_2_Employee_Address(eid,zipcode,street) values(1325620,75029,'husky street');
insert into Fall22_S003_2_Employee_Address(eid,zipcode,street) values(1105288,75030,'wolf street');
insert into Fall22_S003_2_Employee_Address(eid,zipcode,street) values(1681479,75032,'edison');
insert into Fall22_S003_2_Employee_Address(eid,zipcode,street) values(1562569,75033,'north richardson');
insert into Fall22_S003_2_Employee_Address(eid,zipcode,street) values(1235296,75034,'south austin');
insert into Fall22_S003_2_Employee_Address(eid,zipcode,street) values(1800981,75035,'race course');
insert into Fall22_S003_2_Employee_Address(eid,zipcode,street) values(1095058,75037,'lake view');
insert into Fall22_S003_2_Employee_Address(eid,zipcode,street) values(1407142,75038,'red soxx');
insert into Fall22_S003_2_Employee_Address(eid,zipcode,street) values(1546715,75039,'green berret');
insert into Fall22_S003_2_Employee_Address(eid,zipcode,street) values(1554854,75040,'blue star');
insert into Fall22_S003_2_Employee_Address(eid,zipcode,street) values(1218546,75041,'att street');
insert into Fall22_S003_2_Employee_Address(eid,zipcode,street) values(1900386,75042,'silicon street');
insert into Fall22_S003_2_Employee_Address(eid,zipcode,street) values(1044465,75043,'turing street');
insert into Fall22_S003_2_Employee_Address(eid,zipcode,street) values(1868798,75044,'chaplin');
insert into Fall22_S003_2_Employee_Address(eid,zipcode,street) values(1313025,75045,'west soxx');
insert into Fall22_S003_2_Employee_Address(eid,zipcode,street) values(1040594,75046,'sussex west');
insert into Fall22_S003_2_Employee_Address(eid,zipcode,street) values(1561946,75047,'wesley street');
insert into Fall22_S003_2_Employee_Address(eid,zipcode,street) values(1085009,75048,'mountain view');
insert into Fall22_S003_2_Employee_Address(eid,zipcode,street) values(1232527,75049,'shivaji park');
insert into Fall22_S003_2_Employee_Address(eid,zipcode,street) values(1507559,75050,'ballon street');
insert into Fall22_S003_2_Employee_Address(eid,zipcode,street) values(1784492,75051,'michigan street');
insert into Fall22_S003_2_Employee_Address(eid,zipcode,street) values(1655564,75052,'randol mill');
insert into Fall22_S003_2_Employee_Address(eid,zipcode,street) values(1292957,75053,'south carolina');
insert into Fall22_S003_2_Employee_Address(eid,zipcode,street) values(1304909,75054,'lincoln street');
insert into Fall22_S003_2_Employee_Address(eid,zipcode,street) values(1511788,75056,'party street');
--------------------------EMPLOYEE ADDRESS TABLE ENDS HERE------------------------------




-----------------EMPLOYEE EMAIL TABLE STARTS HERE------------------------------
insert into Fall22_S003_2_Employee_Email(eid,email) values(1179408,'renee13@yahoo.com');

insert into Fall22_S003_2_Employee_Email(eid,email) values(1179408,'reneepink@gmail.com');

insert into Fall22_S003_2_Employee_Email(eid,email) values(1885335,'coleman18@yahoo.com');

insert into Fall22_S003_2_Employee_Email(eid,email) values(1885335,'coleman1james@gmail.com');

insert into Fall22_S003_2_Employee_Email(eid,email) values(1062715,'terrellgang@yahoo.com');

insert into Fall22_S003_2_Employee_Email(eid,email) values(1529403,'dakotared@gmail.com');

insert into Fall22_S003_2_Employee_Email(eid,email) values(1697693,'jackjack@yahoo.com');

insert into Fall22_S003_2_Employee_Email(eid,email) values(1943805,'veronicapark@gmail.com');

insert into Fall22_S003_2_Employee_Email(eid,email) values(1134058,'zane154@gmail.com');

insert into Fall22_S003_2_Employee_Email(eid,email) values(1949756,'jeremiahop@gmail.com');

insert into Fall22_S003_2_Employee_Email(eid,email) values(1661813,'alexagoogle@gmail.com');

insert into Fall22_S003_2_Employee_Email(eid,email) values(1515560,'braydon987@gmail.com');

insert into Fall22_S003_2_Employee_Email(eid,email) values(1642178,'evan12lp@yahoo.com');

insert into Fall22_S003_2_Employee_Email(eid,email) values(1113964,'genesis00@gmail.com');

insert into Fall22_S003_2_Employee_Email(eid,email) values(1112441,'ayana13@yahoo.com');

insert into Fall22_S003_2_Employee_Email(eid,email) values(1053061,'davion99@yahoo.com');

insert into Fall22_S003_2_Employee_Email(eid,email) values(1069577,'cornelius435@yahoo.com');

insert into Fall22_S003_2_Employee_Email(eid,email) values(1688817,'karli817@yahoo.com');

insert into Fall22_S003_2_Employee_Email(eid,email) values(1048060,'payton99@yahoo.com');

insert into Fall22_S003_2_Employee_Email(eid,email) values(1150684,'aron0684@gmail.com');

insert into Fall22_S003_2_Employee_Email(eid,email) values(1244972,'jamiya96@gmail.com');

insert into Fall22_S003_2_Employee_Email(eid,email) values(1557875,'Sam1991@gmail.com');

insert into Fall22_S003_2_Employee_Email(eid,email) values(1015085,'cynthia876@gmail.com');

insert into Fall22_S003_2_Employee_Email(eid,email) values(1685667,'shyannyou@yahoo.com');

insert into Fall22_S003_2_Employee_Email(eid,email) values(1893148,'addison567@gmail.com');

insert into Fall22_S003_2_Employee_Email(eid,email) values(1624192,'makezieooooo@yahoo.com');

insert into Fall22_S003_2_Employee_Email(eid,email) values(1311276,'landynn7888@yahoo.com');

insert into Fall22_S003_2_Employee_Email(eid,email) values(1325620,'lucas90@gmail.com');

insert into Fall22_S003_2_Employee_Email(eid,email) values(1105288,'jorge789@yahoo.com');

insert into Fall22_S003_2_Employee_Email(eid,email) values(1681479,'kristen78@gmail.com');

insert into Fall22_S003_2_Employee_Email(eid,email) values(1562569,'tobias45@yahoo.com');

insert into Fall22_S003_2_Employee_Email(eid,email) values(1235296,'ayden90@yahoo.com');

insert into Fall22_S003_2_Employee_Email(eid,email) values(1800981,'jacksparrow@gmail.com');

insert into Fall22_S003_2_Employee_Email(eid,email) values(1095058,'shalohooo@gmail.com');

insert into Fall22_S003_2_Employee_Email(eid,email) values(1407142,'everette56@yahoo.com');

insert into Fall22_S003_2_Employee_Email(eid,email) values(1546715,'madalynn89@gmail.com');

insert into Fall22_S003_2_Employee_Email(eid,email) values(1095058,'shaloh34ooo@yahoo.com');

insert into Fall22_S003_2_Employee_Email(eid,email) values(1554854,'gage567@yahoo.com');

insert into Fall22_S003_2_Employee_Email(eid,email) values(1218546,'larry67@gmail.com');

insert into Fall22_S003_2_Employee_Email(eid,email) values(1900386,'crystal67@yahoo.com');

insert into Fall22_S003_2_Employee_Email(eid,email) values(1044465,'estrella34@gmail.com');

insert into Fall22_S003_2_Employee_Email(eid,email) values(1868798,'kenneth109@gmail.com');

insert into Fall22_S003_2_Employee_Email(eid,email) values(1313025,'lilylolipop@yahoo.com');

insert into Fall22_S003_2_Employee_Email(eid,email) values(1900386,'crystal67@gmail.com');

insert into Fall22_S003_2_Employee_Email(eid,email) values(1554854,'gage5op67@gmail.com');

insert into Fall22_S003_2_Employee_Email(eid,email) values(1040594,'camillakiller@gmail.com');

insert into Fall22_S003_2_Employee_Email(eid,email) values(1561946,'mauricemouse@yahoo.com');

insert into Fall22_S003_2_Employee_Email(eid,email) values(1085009,'lillylantern@gmail.com');

insert into Fall22_S003_2_Employee_Email(eid,email) values(1232527,'abby2134@yahoo.com');

insert into Fall22_S003_2_Employee_Email(eid,email) values(1507559,'ingrid567@gmail.com');

insert into Fall22_S003_2_Employee_Email(eid,email) values(1784492,'kayleigh89@yahoo.com');

insert into Fall22_S003_2_Employee_Email(eid,email) values(1655564,'marley7890@gmail.com');

insert into Fall22_S003_2_Employee_Email(eid,email) values(1507559,'ingrid7@yahoo.com');

insert into Fall22_S003_2_Employee_Email(eid,email) values(1292957,'lexi345@gmail.com');

insert into Fall22_S003_2_Employee_Email(eid,email) values(1304909,'rajio23@gmail.com');

insert into Fall22_S003_2_Employee_Email(eid,email) values(1511788,'joshi56@yahoo.com');

insert into Fall22_S003_2_Employee_Email(eid,email) values(1304909,'rhea23@gmail.com');

insert into Fall22_S003_2_Employee_Email(eid,email) values(1511788,'albert56@yahoo.com');
-----------------EMPLOYEE EMAIL TABLE ENDS HERE------------------------------




-----------------CUSTOMER TABLE STARTS HERE------------------------------
insert into
Fall22_S003_2_Customer(cid,email,phone#,age,f_name,l_name,gender)
values(694,'barreta@gmail.com',6891572738,36,'Barrett','Aguilar','M');

insert into
Fall22_S003_2_Customer(cid,email,phone#,age,f_name,l_name,gender) values
(178,'taylorluk@gmail.com',6885939057,70,'Luka','Taylor','F');

insert into
Fall22_S003_2_Customer(cid,email,phone#,age,f_name,l_name,gender)
values(558,'cadevance@yahoo.com',6857751515,89,'Cade','Vance','M');

insert into
Fall22_S003_2_Customer(cid,email,phone#,age,f_name,l_name,gender)
values(575,'shanuyaes@hotmail.com',6283394779,43,'Shaniya','Esparza','F');

insert into
Fall22_S003_2_Customer(cid,email,phone#,age,f_name,l_name,gender)
values(237,'rollinsgerald@gmail.com',6390693646,17,'Gerald','Rollins','M');

insert into
Fall22_S003_2_Customer(cid,email,phone#,age,f_name,l_name,gender)
values(440,'doyle_asa@yahoo.com',6457922779,19,'Asa','Doyle','M');

insert into
Fall22_S003_2_Customer(cid,email,phone#,age,f_name,l_name,gender)
values(830,'veronicalaz@hotmail.com',6738153352,17,'Veronica','Velazquez','F');

insert into
Fall22_S003_2_Customer(cid,email,phone#,age,f_name,l_name,gender)
values(555,'adamsdalt@yahoo.com',6845464204,45,'Dalton','Adams','M');

insert into
Fall22_S003_2_Customer(cid,email,phone#,age,f_name,l_name,gender)
values(991,'spencer_sh@gmail.com',6351283486,85,'Shaun','Spencer','M');

insert into
Fall22_S003_2_Customer(cid,email,phone#,age,f_name,l_name,gender)
values(984,'teagan_bur@yahoo.com',6966058899,45,'Teagan','Burgess','M');

insert into
Fall22_S003_2_Customer(cid,email,phone#,age,f_name,l_name,gender)
values(208,'trystan_mcm@hotmail.com',6048773072,30,'Trystan','Mcmillan','F');

insert into
Fall22_S003_2_Customer(cid,email,phone#,age,f_name,l_name,gender)
values(806,'marlie_cohen@yahoo.com',6434441939,36,'Marlie','Cohen','F');

insert into
Fall22_S003_2_Customer(cid,email,phone#,age,f_name,l_name,gender)
values(537,'lambertperla@gmail.com',6574918371,52,'Perla','Lambert','F');

insert into
Fall22_S003_2_Customer(cid,email,phone#,age,f_name,l_name,gender)
values(197,'bayleebail@hotmail.com',6646981881,55,'Baylee','Bailey','M');

insert into
Fall22_S003_2_Customer(cid,email,phone#,age,f_name,l_name,gender)
values(840,'ariellevilla@yahoo.com',6202306100,21,'Arielle','Villa','F');

insert into
Fall22_S003_2_Customer(cid,email,phone#,age,f_name,l_name,gender)
values(365,'kaliyahyu@yahoo.com',6704157618,32,'Kaliyah','Yu','F');

insert into
Fall22_S003_2_Customer(cid,email,phone#,age,f_name,l_name,gender)
values(487,'rileygray@gmai.com',6138342842,30,'Riley','Gray','M');

insert into
Fall22_S003_2_Customer(cid,email,phone#,age,f_name,l_name,gender)
values(417,'scott_keon@yahoo.com',6426419180,33,'Keon','Scott','M');

insert into
Fall22_S003_2_Customer(cid,email,phone#,age,f_name,l_name,gender)
values(777,'eleanor_branch@hotmail.com',6394007185,88,'Eleanor','Branch','F');

insert into
Fall22_S003_2_Customer(cid,email,phone#,age,f_name,l_name,gender)
values(673,'conley_shane@hotmail.com',6537956815,39,'Shane','Conley','M');

insert into
Fall22_S003_2_Customer(cid,email,phone#,age,f_name,l_name,gender)
values(618,'meadow_chavez@gmail.com',6221722653,72,'Meadow','Chavez','F');

insert into
Fall22_S003_2_Customer(cid,email,phone#,age,f_name,l_name,gender)
values(154,'warren_cordova@gmail.com',6400462362,76,'Warren','Cordova','M');

insert into
Fall22_S003_2_Customer(cid,email,phone#,age,f_name,l_name,gender)
values(535,'rohanhodges@yahoo.com',6876560767,26,'Rohan','Hodges','M');

insert into
Fall22_S003_2_Customer(cid,email,phone#,age,f_name,l_name,gender)
values(276,'matteo_tate@hotmail.com',6765884988,83,'Matteo','Tate','M');

insert into
Fall22_S003_2_Customer(cid,email,phone#,age,f_name,l_name,gender)
values(126,'hansonjustice@gmail.com',6091126871,47,'Justice','Hanson','M');

insert into
Fall22_S003_2_Customer(cid,email,phone#,age,f_name,l_name,gender)
values(905,'tuckercall@hotmail.com',6337560570,77,'Tucker','Callahan','M');

insert into
Fall22_S003_2_Customer(cid,email,phone#,age,f_name,l_name,gender)
values(181,'charlee_goodman@gmail.com',6460118739,26,'Charlee','Goodman','M');

insert into
Fall22_S003_2_Customer(cid,email,phone#,age,f_name,l_name,gender)
values(860,'vance_hugo@yahoo.com',6952657695,36,'Hugo','Vance','M');

insert into
Fall22_S003_2_Customer(cid,email,phone#,age,f_name,l_name,gender)
values(729,'fritz_jae@yahoo.com',6726968590,22,'Jaeden','Fritz','F');

insert into
Fall22_S003_2_Customer(cid,email,phone#,age,f_name,l_name,gender)
values(936,'reymejia@gmail.com',6825462123,44,'Rey','Mejia','M');

insert into
Fall22_S003_2_Customer(cid,email,phone#,age,f_name,l_name,gender)
values(844,'brandt_bernard@hotmail.com',6547218291,55,'Bernard','Brandt','M');

insert into
Fall22_S003_2_Customer(cid,email,phone#,age,f_name,l_name,gender)
values(130,'pruitchristine@gmail.com',6532329021,25,'Christina','Pruitt','F');

insert into
Fall22_S003_2_Customer(cid,email,phone#,age,f_name,l_name,gender)
values(301,'tonymcm@hotmail.com',6232987212,50,'Tony','Mcmillan','M');

insert into
Fall22_S003_2_Customer(cid,email,phone#,age,f_name,l_name,gender)
values(346,'dante_watkins@gmail.com',6987232126,31,'Dante','Watkins','F');

insert into
Fall22_S003_2_Customer(cid,email,phone#,age,f_name,l_name,gender)
values(309,'wesley_watkins@yahoo.com',6888231234,28,'Wesley','Watkins','M');

insert into
Fall22_S003_2_Customer(cid,email,phone#,age,f_name,l_name,gender)
values(938,'martha_fitz@gmail.com',6777213532,11,'Martha','Fitzgerald','F');

insert into
Fall22_S003_2_Customer(cid,email,phone#,age,f_name,l_name,gender)
values(718,'patricia_b@gmail.com',6555923890,62,'Patricia','Barnett','F');

insert into
Fall22_S003_2_Customer(cid,email,phone#,age,f_name,l_name,gender)
values(531,'amari_hass@hotmail.com',6999321232,29,'Amari','Haas','M');

insert into
Fall22_S003_2_Customer(cid,email,phone#,age,f_name,l_name,gender)
values(739,'torres_aidyn@gmail.com',6666789216,45,'Aidyn','Torres','F');

insert into
Fall22_S003_2_Customer(cid,email,phone#,age,f_name,l_name,gender)
values(919,'krause_sullivan@hotmail.com',6458244562,33,'Sullivan','Krause','F');

insert into
Fall22_S003_2_Customer(cid,email,phone#,age,f_name,l_name,gender)
values(851,'mina_mcc@gmail.com',6788212964,23,'Mina','Mccormick','F');

insert into
Fall22_S003_2_Customer(cid,email,phone#,age,f_name,l_name,gender)
values(903,'brooks_alexis@hotmail.com',6845623182,46,'Alexis','Brooks','M');

insert into
Fall22_S003_2_Customer(cid,email,phone#,age,f_name,l_name,gender)
values(689,'cristofer_sch@yahoo.com',6452897921,24,'Cristofer','Schroeder','M');

insert into
Fall22_S003_2_Customer(cid,email,phone#,age,f_name,l_name,gender)
values(526,'brock_bray@apple.com',6555882994,62,'Brock','Bray','M');

insert into
Fall22_S003_2_Customer(cid,email,phone#,age,f_name,l_name,gender)
values(609,'marely_con@gmail.com',6443325552,36,'Marely','Conner','F');

insert into
Fall22_S003_2_Customer(cid,email,phone#,age,f_name,l_name,gender)
values(271,'serrano_con@hotmail.com',6755892221,27,'Conor','Serrano','M');

insert into
Fall22_S003_2_Customer(cid,email,phone#,age,f_name,l_name,gender)
values(304,'camron_espiz@gmail.com',6902303321,28,'Camron','Espinoza','M');

insert into
Fall22_S003_2_Customer(cid,email,phone#,age,f_name,l_name,gender)
values(822,'ivyfuen@yahoo.com',6002333921,16,'Ivy','Fuentes','F');

insert into
Fall22_S003_2_Customer(cid,email,phone#,age,f_name,l_name,gender)
values(849,'alejandramid@gmail.com',6779890221,77,'Alejandra','Middleton','F');

insert into
Fall22_S003_2_Customer(cid,email,phone#,age,f_name,l_name,gender)
values(927,'quinn_jeff@gmail.com',6224445221,24,'Quinn','Jefferson','M');
-----------------CUSTOMER TABLE ENDS HERE------------------------------




-----------------ORDER TABLE STARTS HERE----------------------------------------------------
insert into Fall22_S003_2_Order values(1214,'breakfast','dine_in',15,'12-JAN-2021 09:31','12-JAN-2021 09:42',694,1179408,301);
insert into Fall22_S003_2_Order values(2352,'breakfast','dine_in',15,'15-JAN-2021 10:04','15-JAN-2021 10:13',178,1179408,230);
insert into Fall22_S003_2_Order values(1715,'thai_maincourse','dine_in',65,'15-JAN-2021 10:06','15-JAN-2021 10:15',558,1885335,580);
insert into Fall22_S003_2_Order values(2319,'cold_beverages','to_go',9,'11-FEB-2021 10:10','11-FEB-2021 10:13',575,1885335,132);
insert into Fall22_S003_2_Order values(282,'chinese_maincourse','to_go',55,'23-FEB-2021 10:12','23-FEB-2021 10:25',237,1943805,899);
insert into Fall22_S003_2_Order values(1408,'breakfast','to_go',15,'03-MAR-2021 10:14','03-,MAR-2021 10:26',440,1697693,908);
insert into Fall22_S003_2_Order values(1362,'thai_maincourse','dine_in',65,'15-MAR-2021 10:18','15-MAR-2021 10:29',830,1885335,750);
insert into Fall22_S003_2_Order values(2075,'cold_beverages','to_go',9,'26-MAR-2021 10:20','26-MAR-2021 10:27',555,1134058,741);
insert into Fall22_S003_2_Order values(445,'hot_beverages','to_go',11,'05-APR-2021 10:22','05-APR-2021 10:28',991,1949756,462);
insert into Fall22_S003_2_Order values(1494,'IndoChinese_maincourse','dine_in',55,'18-APR-2021 10:23','19-APR-2021 10:35',984,1949756,176);
insert into Fall22_S003_2_Order values(2337,'soda_beverages','to_go',5,'03-MAY-2021 10:22','03-MAY-2021 10:24',208,1949756,378);
insert into Fall22_S003_2_Order values(953,'breakfast','dine_in',15,'19-MAY-2021 10:22','19-MAY-2021 10:29',365,1529403,750);
insert into Fall22_S003_2_Order values(811,'hot_beverages','to_go',11,'26-MAY-2021 10:23','26-MAY-2021 10:28',806,1949756,596);
insert into Fall22_S003_2_Order values(2375,'IndoChinese_maincourse','to_go',55,'27-MAY-2021 10:29','27-MAY-2021 10:40',537,1529403,176);
insert into Fall22_S003_2_Order values(1030,'soda_beverages','to_go',5,'02-JUN-2021 10:32','02-JUN-2021 10:34',197,1062715,676);
insert into Fall22_S003_2_Order values(2385,'breakfast','dine_in',15,'05-JUN-2021 10:40','05-JUN-2021 10:49',487,1949756,676);
insert into Fall22_S003_2_Order values(1323,'chinese_maincourse','dine_in',55,'09-JUN-2021 10:50','09-JUN-2021 11:05',417,1062715,129);
insert into Fall22_S003_2_Order values(1285,'breakfast','to_go',15,'11-JUN-2021 11:03','11-JUN-2021 11:09',777,1949756,896);
insert into Fall22_S003_2_Order values(311,'thai_maincourse','to_go',65,'16-JUN-2021 11:04','16-JUN-2021 11:11',673,1949756,899);
insert into Fall22_S003_2_Order values(738,'frozen_desserts','dine_in',30,'20-JUN-2021 11:03','20-JUN-2021 11:09',618,1697693,132);
insert into Fall22_S003_2_Order values(238,'confectionary_desserts','dine_in',20,'24-JUN-2021 11:09','24-JUN-2021 11:20',154,1885335,914);
insert into Fall22_S003_2_Order values(1932,'chinese_maincourse','dine_in',55,'26-JUN-2021 11:11','26-JUN-2021 11:22',535,1062715,987);
insert into Fall22_S003_2_Order values(1381,'IndoChinese_maincourse','to_go',55,'03-JUL-2021 11:16','03-JUL-2021 11:27',276,1943805,325);
insert into Fall22_S003_2_Order values(964,'Indian_maincourse','dine_in',60,'06-JUL-2021 11:16','06-JUL-2021 11:31',126,1949756,823);
insert into Fall22_S003_2_Order values(2291,'combo_meal','to_go',16,'09-JUL-2021 11:17','09-JUL-2021 11:26',905,1943805,615);
insert into Fall22_S003_2_Order values(91,'breakfast','dine_in',15,'16-JUL-2021 11:19','16-JUL-2021 11:29',181,1949756,461);
insert into Fall22_S003_2_Order values(2084,'breakfast','to_go',15,'20-JUL-2021 11:21','20-JUL-2021 11:29',860,1179408,237);
insert into Fall22_S003_2_Order values(1447,'hot_beverages','dine_in',11,'20-JUL-2021 11:27','20-JUL-2021 11:32',806,1949756,283);
insert into Fall22_S003_2_Order values(2140,'IndoChinese_maincourse','dine_in',55,'26-JUL-2021 11:28','26-JUL-2021 11:39',537,1949756,237);
insert into Fall22_S003_2_Order values(1003,'soda_beverages','dine_in',5,'05-AUG-2021 11:29','05-AUG-2021 11:31',729,1179408,758);
insert into Fall22_S003_2_Order values(1753,'breakfast','dine_in',15,'09-AUG-2021 11:32','090-AUG-2021 11:45',936,1949756,176);
insert into Fall22_S003_2_Order values(606,'combo_meal','to_go',16,'14-AUG-2021 11:42','14-AUG-2021 11:52',618,1943805,237);
insert into Fall22_S003_2_Order values(627,'chinese_maincourse','dine_in',55,'27-AUG-2021 11:56','27-AUG-2021 12:08',844,1062715,770);
insert into Fall22_S003_2_Order values(324,'confectionary_desserts','to_go',20,'07-SEP-2021 12:03','07-SEP-2021 12:09',130,1943805,708);
insert into Fall22_S003_2_Order values(411,'Indian_maincourse','dine_in',60,'11-SEP-2021 12:06','11-SEP-2021 12:19',301,1949756,482);
insert into Fall22_S003_2_Order values(147,'combo_meal','to_go',16,'22-SEP-2021 12:10','22-SEP-2021 12:19',905,1949756,319);
insert into Fall22_S003_2_Order values(2039,'thai_maincourse','to_go',65,'27-SEP-2021 13:02','27-SEP-2021 13:07',346,1949756,718);
insert into Fall22_S003_2_Order values(926,'cold_beverages','dine_in',9,'01-OCT-2021 13:09','01-OCT-2021 13:17',555,1134058,596);
insert into Fall22_S003_2_Order values(987,'hot_beverages','dine_in',11,'03-OCT-2021 13:11','03-OCT-2021 13:16',938,1949756,908);
insert into Fall22_S003_2_Order values(1134,'IndoChinese_maincourse','dine_in',55,'11-OCT-2021 13:15','11-OCT-2021 13:27',718,1179408,987);
insert into Fall22_S003_2_Order values(2488,'hot_beverages','to_go',11,'25-OCT-2021 13:16','25-OCT-2021 13:23',531,1949756,816);
insert into Fall22_S003_2_Order values(2076,'combo_meal','dine_in',16,'07-NOV-2021 13:18','07-NOV-2021 13:26',739,1943805,794);
insert into Fall22_S003_2_Order values(2353,'chinese_maincourse','dine_in',55,'10-NOV-2021 13:28','10-NOV-2021 13:40',919,1062715,750);
insert into Fall22_S003_2_Order values(1150,'confectionary_desserts','to_go',20,'15-NOV-2021 13:30','15-NOV-2021 13:38',851,1134058,132);
insert into Fall22_S003_2_Order values(1129,'Indian_maincourse','to_go',60,'21-NOV-2021 13:32','21-NOV-2021 13:43',903,1134058,237);
insert into Fall22_S003_2_Order values(883,'combo_meal','to_go',16,'27-NOV-2022 13:34','27-NOV-2021 13:42',689,1179408,883);
insert into Fall22_S003_2_Order values(721,'IndoChinese_maincourse','to_go',55,'10-DEC-2021 14:34','10-DEC-2021 14:45',526,1949756,150);
insert into Fall22_S003_2_Order values(1835,'soda_beverages','to_go',5,'15-DEC-2021 14:50','15-DEC-2021 14:58',609,1179408,378);
insert into Fall22_S003_2_Order values(2233,'breakfast','to_go',15,'22-DEC-2021 15:30','22-DEC-2021 15:44',936,1949756,419);
insert into Fall22_S003_2_Order values(2457,'combo_meal','dine_in',16,'25-DEC-2021 16:20','25-DEC-2021 16:32',304,1943805,198);

----------------------------------------ORDER TABLE ENDS HERE------------------------------




-----------------SUPPLIER TABLE STARTS HERE------------------------------
INSERT INTO Fall22_S003_2_Supplier(sid,name) VALUES(1404,'Cutlery');
INSERT INTO Fall22_S003_2_Supplier(sid,name) VALUES(1161,'Food');
INSERT INTO Fall22_S003_2_Supplier(sid,name) VALUES(1492,'Vessels');
INSERT INTO Fall22_S003_2_Supplier(sid,name) VALUES(1269,'Furniture');
INSERT INTO Fall22_S003_2_Supplier(sid,name) VALUES(1383,'Uniform');
INSERT INTO Fall22_S003_2_Supplier(sid,name) VALUES(1053,'Sanitization');
INSERT INTO Fall22_S003_2_Supplier(sid,name) VALUES(1246,'Miscellaneous');
-----------------SUPPLIER TABLE ENDS HERE------------------------------



-----------------SUPPLIES TABLE STARTS HERE------------------------------
INSERT INTO Fall22_S003_2_Supplies(sid,item_id) VALUES(1161,497);
INSERT INTO Fall22_S003_2_Supplies(sid,item_id) VALUES(1161,770);
INSERT INTO Fall22_S003_2_Supplies(sid,item_id) VALUES(1161,419);
INSERT INTO Fall22_S003_2_Supplies(sid,item_id) VALUES(1161,157);
INSERT INTO Fall22_S003_2_Supplies(sid,item_id) VALUES(1161,932);
INSERT INTO Fall22_S003_2_Supplies(sid,item_id) VALUES(1161,198);
INSERT INTO Fall22_S003_2_Supplies(sid,item_id) VALUES(1161,301);
INSERT INTO Fall22_S003_2_Supplies(sid,item_id) VALUES(1161,718);
INSERT INTO Fall22_S003_2_Supplies(sid,item_id) VALUES(1161,319);
INSERT INTO Fall22_S003_2_Supplies(sid,item_id) VALUES(1161,754);
INSERT INTO Fall22_S003_2_Supplies(sid,item_id) VALUES(1161,482);
INSERT INTO Fall22_S003_2_Supplies(sid,item_id) VALUES(1161,708);
INSERT INTO Fall22_S003_2_Supplies(sid,item_id) VALUES(1161,207);
INSERT INTO Fall22_S003_2_Supplies(sid,item_id) VALUES(1161,758);
INSERT INTO Fall22_S003_2_Supplies(sid,item_id) VALUES(1161,676);
INSERT INTO Fall22_S003_2_Supplies(sid,item_id) VALUES(1161,144);
INSERT INTO Fall22_S003_2_Supplies(sid,item_id) VALUES(1161,150);
INSERT INTO Fall22_S003_2_Supplies(sid,item_id) VALUES(1161,129);
INSERT INTO Fall22_S003_2_Supplies(sid,item_id) VALUES(1161,896);
INSERT INTO Fall22_S003_2_Supplies(sid,item_id) VALUES(1161,899);
INSERT INTO Fall22_S003_2_Supplies(sid,item_id) VALUES(1161,580);
INSERT INTO Fall22_S003_2_Supplies(sid,item_id) VALUES(1161,596);
INSERT INTO Fall22_S003_2_Supplies(sid,item_id) VALUES(1161,230);
INSERT INTO Fall22_S003_2_Supplies(sid,item_id) VALUES(1161,283);
INSERT INTO Fall22_S003_2_Supplies(sid,item_id) VALUES(1161,741);
INSERT INTO Fall22_S003_2_Supplies(sid,item_id) VALUES(1161,132);
INSERT INTO Fall22_S003_2_Supplies(sid,item_id) VALUES(1161,908);
INSERT INTO Fall22_S003_2_Supplies(sid,item_id) VALUES(1161,237);
INSERT INTO Fall22_S003_2_Supplies(sid,item_id) VALUES(1161,957);
INSERT INTO Fall22_S003_2_Supplies(sid,item_id) VALUES(1161,176);
INSERT INTO Fall22_S003_2_Supplies(sid,item_id) VALUES(1161,750);
INSERT INTO Fall22_S003_2_Supplies(sid,item_id) VALUES(1161,823);
INSERT INTO Fall22_S003_2_Supplies(sid,item_id) VALUES(1161,883);
INSERT INTO Fall22_S003_2_Supplies(sid,item_id) VALUES(1161,279);
INSERT INTO Fall22_S003_2_Supplies(sid,item_id) VALUES(1161,378);
INSERT INTO Fall22_S003_2_Supplies(sid,item_id) VALUES(1161,321);
INSERT INTO Fall22_S003_2_Supplies(sid,item_id) VALUES(1161,914);
INSERT INTO Fall22_S003_2_Supplies(sid,item_id) VALUES(1161,855);
INSERT INTO Fall22_S003_2_Supplies(sid,item_id) VALUES(1161,606);
INSERT INTO Fall22_S003_2_Supplies(sid,item_id) VALUES(1161,987);
INSERT INTO Fall22_S003_2_Supplies(sid,item_id) VALUES(1161,325);
INSERT INTO Fall22_S003_2_Supplies(sid,item_id) VALUES(1161,282);
INSERT INTO Fall22_S003_2_Supplies(sid,item_id) VALUES(1161,322);
INSERT INTO Fall22_S003_2_Supplies(sid,item_id) VALUES(1161,461);
INSERT INTO Fall22_S003_2_Supplies(sid,item_id) VALUES(1161,615);
INSERT INTO Fall22_S003_2_Supplies(sid,item_id) VALUES(1161,794);
INSERT INTO Fall22_S003_2_Supplies(sid,item_id) VALUES(1161,462);
INSERT INTO Fall22_S003_2_Supplies(sid,item_id) VALUES(1161,822);
INSERT INTO Fall22_S003_2_Supplies(sid,item_id) VALUES(1161,662);
INSERT INTO Fall22_S003_2_Supplies(sid,item_id) VALUES(1161,527);
INSERT INTO Fall22_S003_2_Supplies(sid,item_id) VALUES(1161,966);
INSERT INTO Fall22_S003_2_Supplies(sid,item_id) VALUES(1161,127);
INSERT INTO Fall22_S003_2_Supplies(sid,item_id) VALUES(1161,664);
INSERT INTO Fall22_S003_2_Supplies(sid,item_id) VALUES(1404,816);
INSERT INTO Fall22_S003_2_Supplies(sid,item_id) VALUES(1404,426);
INSERT INTO Fall22_S003_2_Supplies(sid,item_id) VALUES(1404,386);
INSERT INTO Fall22_S003_2_Supplies(sid,item_id) VALUES(1492,138);
INSERT INTO Fall22_S003_2_Supplies(sid,item_id) VALUES(1492,919);
INSERT INTO Fall22_S003_2_Supplies(sid,item_id) VALUES(1492,432);
INSERT INTO Fall22_S003_2_Supplies(sid,item_id) VALUES(1492,105);
INSERT INTO Fall22_S003_2_Supplies(sid,item_id) VALUES(1492,937);
INSERT INTO Fall22_S003_2_Supplies(sid,item_id) VALUES(1269,646);
INSERT INTO Fall22_S003_2_Supplies(sid,item_id) VALUES(1269,574);
INSERT INTO Fall22_S003_2_Supplies(sid,item_id) VALUES(1383,205);
INSERT INTO Fall22_S003_2_Supplies(sid,item_id) VALUES(1383,183);
INSERT INTO Fall22_S003_2_Supplies(sid,item_id) VALUES(1383,724);
INSERT INTO Fall22_S003_2_Supplies(sid,item_id) VALUES(1053,238);
INSERT INTO Fall22_S003_2_Supplies(sid,item_id) VALUES(1053,807);
INSERT INTO Fall22_S003_2_Supplies(sid,item_id) VALUES(1053,290);
INSERT INTO Fall22_S003_2_Supplies(sid,item_id) VALUES(1053,507);
INSERT INTO Fall22_S003_2_Supplies(sid,item_id) VALUES(1246,529);
INSERT INTO Fall22_S003_2_Supplies(sid,item_id) VALUES(1246,875);
INSERT INTO Fall22_S003_2_Supplies(sid,item_id) VALUES(1246,318);
-----------------SUPPLIES TABLE ENDS HERE------------------------------




-----------------DAILY SCHEDULE TABLE STARTS HERE------------------------------------------------------------------------------
insert into Fall22_S003_2_Daily_schedule(schedule_id,start_time,end_time,task,eid) values(1,1200,1400,'serve guests',1179408);
insert into Fall22_S003_2_Daily_schedule(schedule_id,start_time,end_time,task,eid) values(2,1300,1500,'serve guests',1885335);
insert into Fall22_S003_2_Daily_schedule(schedule_id,start_time,end_time,task,eid) values(3,1700,1900,'serve guests',1062715);
insert into Fall22_S003_2_Daily_schedule(schedule_id,start_time,end_time,task,eid) values(4,1000,1230,'serve guests',1529403);
insert into Fall22_S003_2_Daily_schedule(schedule_id,start_time,end_time,task,eid) values(5,1130,1230,'serve guests',1697693);
insert into Fall22_S003_2_Daily_schedule(schedule_id,start_time,end_time,task,eid) values(6,1200,1400,'serve guests',1943805);
insert into Fall22_S003_2_Daily_schedule(schedule_id,start_time,end_time,task,eid) values(7,1300,1500,'serve guests',1134058);
insert into Fall22_S003_2_Daily_schedule(schedule_id,start_time,end_time,task,eid) values(8,1700,1900,'serve guests',1949756);
insert into Fall22_S003_2_Daily_schedule(schedule_id,start_time,end_time,task,eid) values(9,1000,1230,'serve guests',1661813);
insert into Fall22_S003_2_Daily_schedule(schedule_id,start_time,end_time,task,eid) values(10,1130,1230,'serve guests',1515560);
insert into Fall22_S003_2_Daily_schedule(schedule_id,start_time,end_time,task,eid) values(11,1000,1330,'manage inventory',1642178);
insert into Fall22_S003_2_Daily_schedule(schedule_id,start_time,end_time,task,eid) values(12,1000,1900,'supervise inventory employees',1113964);
insert into Fall22_S003_2_Daily_schedule(schedule_id,start_time,end_time,task,eid) values(13,1000,1900,'hire employees',1112441);
insert into Fall22_S003_2_Daily_schedule(schedule_id,start_time,end_time,task,eid) values(14,1000,1300,'clean cuttlery',1053061);
insert into Fall22_S003_2_Daily_schedule(schedule_id,start_time,end_time,task,eid) values(15,1330,1530,'manage sales',1069577);
insert into Fall22_S003_2_Daily_schedule(schedule_id,start_time,end_time,task,eid) values(16,1000,1300,'prep food for cooking',1688817);
insert into Fall22_S003_2_Daily_schedule(schedule_id,start_time,end_time,task,eid) values(17,1130,1430,'manage sales',1048060);
insert into Fall22_S003_2_Daily_schedule(schedule_id,start_time,end_time,task,eid) values(18,1000,1900,'clean furniture',1150684);
insert into Fall22_S003_2_Daily_schedule(schedule_id,start_time,end_time,task,eid) values(19,1230,1450,'maange inventory',1244972);
insert into Fall22_S003_2_Daily_schedule(schedule_id,start_time,end_time,task,eid) values(20,1000,1900,'train employees',1557875);
insert into Fall22_S003_2_Daily_schedule(schedule_id,start_time,end_time,task,eid) values(21,1000,1900,'head chef',1015085);
insert into Fall22_S003_2_Daily_schedule(schedule_id,start_time,end_time,task,eid) values(22,1000,1900,'help in cleaning',1685667);
insert into Fall22_S003_2_Daily_schedule(schedule_id,start_time,end_time,task,eid) values(23,1340,1540,'help in managing employees',1893148);
insert into Fall22_S003_2_Daily_schedule(schedule_id,start_time,end_time,task,eid) values(24,1430,1630,'manage sales',1624192);
insert into Fall22_S003_2_Daily_schedule(schedule_id,start_time,end_time,task,eid) values(25,1000,1900,'welcome guests',1311276);
insert into Fall22_S003_2_Daily_schedule(schedule_id,start_time,end_time,task,eid) values(26,1000,1900,'cleaning',1325620);
insert into Fall22_S003_2_Daily_schedule(schedule_id,start_time,end_time,task,eid) values(27,1000,1900,'manage employees',1105288);
insert into Fall22_S003_2_Daily_schedule(schedule_id,start_time,end_time,task,eid) values(28,1530,1930,'cleaning',1681479);
insert into Fall22_S003_2_Daily_schedule(schedule_id,start_time,end_time,task,eid) values(29,1230,1430,'sous chef',1562569);
insert into Fall22_S003_2_Daily_schedule(schedule_id,start_time,end_time,task,eid) values(30,1200,1900,'manage sales',1235296);
insert into Fall22_S003_2_Daily_schedule(schedule_id,start_time,end_time,task,eid) values(31,1000,1200,'manage employees',1800981);
insert into Fall22_S003_2_Daily_schedule(schedule_id,start_time,end_time,task,eid) values(32,1200,1430,'manage employees',1095058);
insert into Fall22_S003_2_Daily_schedule(schedule_id,start_time,end_time,task,eid) values(33,1330,1630,'cleaning',1407142);
insert into Fall22_S003_2_Daily_schedule(schedule_id,start_time,end_time,task,eid) values(34,1000,1900,'manage sales',1546715);
insert into Fall22_S003_2_Daily_schedule(schedule_id,start_time,end_time,task,eid) values(35,1000,1230,'cut vegetables',1554854);
insert into Fall22_S003_2_Daily_schedule(schedule_id,start_time,end_time,task,eid) values(36,1000,1230,'prepare ingrediants',1218546);
insert into Fall22_S003_2_Daily_schedule(schedule_id,start_time,end_time,task,eid) values(37,1230,1430,'help sous chef',1900386);
insert into Fall22_S003_2_Daily_schedule(schedule_id,start_time,end_time,task,eid) values(38,1000,1330,'take orders',1044465);
insert into Fall22_S003_2_Daily_schedule(schedule_id,start_time,end_time,task,eid) values(39,1330,1900,'take orders',1868798);
insert into Fall22_S003_2_Daily_schedule(schedule_id,start_time,end_time,task,eid) values(40,1430,1900,'manage employees',1313025);
insert into Fall22_S003_2_Daily_schedule(schedule_id,start_time,end_time,task,eid) values(41,1000,1900,'manage accounting',1040594);
insert into Fall22_S003_2_Daily_schedule(schedule_id,start_time,end_time,task,eid) values(42,1000,1900,'recruit employees',1561946);
insert into Fall22_S003_2_Daily_schedule(schedule_id,start_time,end_time,task,eid) values(43,100,1900,'manage accounting',1085009);
insert into Fall22_S003_2_Daily_schedule(schedule_id,start_time,end_time,task,eid) values(44,1300,1900,'clean cuttlery',1232527);
insert into Fall22_S003_2_Daily_schedule(schedule_id,start_time,end_time,task,eid) values(45,1000,1900,'cleaning',1507559);
insert into Fall22_S003_2_Daily_schedule(schedule_id,start_time,end_time,task,eid) values(46,1000,1300,'help head chef',1784492);
insert into Fall22_S003_2_Daily_schedule(schedule_id,start_time,end_time,task,eid) values(47,1300,1900,'help head chef',1655564);
insert into Fall22_S003_2_Daily_schedule(schedule_id,start_time,end_time,task,eid) values(48,1000,1900,'cleaning',1292957);
insert into Fall22_S003_2_Daily_schedule(schedule_id,start_time,end_time,task,eid) values(49,1000,1900,'manage employees',1304909);
insert into Fall22_S003_2_Daily_schedule(schedule_id,start_time,end_time,task,eid) values(50,1000,1900,'manage sales',1511788);
------------------------------------DAILY SCHEDULE TABLE ENDS HERE--------------------------------------------------------





-----------------FEEDBACK TABLE STARTS HERE------------------------------
insert into Fall22_S003_2_Feedback values(282,'could have been more spicier','not so spicy',5,237);
insert into Fall22_S003_2_Feedback values(811,'the drink should be hot and more sugar needed','drink is cold',7,237);
insert into Fall22_S003_2_Feedback values(2385,'not up to the mark','not great',6,487);
insert into Fall22_S003_2_Feedback values(238,'serving time can be reduced','delay',8,237);
insert into Fall22_S003_2_Feedback values(2291,'check to ensure all the items are in combo meal','item missing',4,905);
insert into Fall22_S003_2_Feedback values(2039,'expecting more authentic thai food next time','authentic',7,346);
insert into Fall22_S003_2_Feedback values(1835,'not chilled','drink is not cold',6,609);
insert into Fall22_S003_2_Feedback values(411,'nothing to add','great food',10,301);
insert into Fall22_S003_2_Feedback values(324,'the desert is expected to be soft','not good',7,130);
insert into Fall22_S003_2_Feedback values(2375,'nothing more to add','good food',9,537);
insert into Fall22_S003_2_Feedback values(2084,'','',10,860);
insert into Fall22_S003_2_Feedback values(627,'','authentic',9,844);
insert into Fall22_S003_2_Feedback values(147,'more items expected','',7,905);
insert into Fall22_S003_2_Feedback values(926,'','great',10,555);
insert into Fall22_S003_2_Feedback values(987,'the drink should be hot and more sugar needed','',8,938);
insert into Fall22_S003_2_Feedback values(1134,'not up to the mark','',6,718);
insert into Fall22_S003_2_Feedback values(2488,'serving time can be reduced','delay',8,531);
insert into Fall22_S003_2_Feedback values(2076,'','',10,739);
insert into Fall22_S003_2_Feedback values(2353,'','not good',6,919);
insert into Fall22_S003_2_Feedback values(1150,'','great dessert',9,851);
insert into Fall22_S003_2_Feedback values(1129,'','',10,903);
insert into Fall22_S003_2_Feedback values(883,'','diverse menu',9,689);
insert into Fall22_S003_2_Feedback values(721,'make it more authentic','',7,526);
insert into Fall22_S003_2_Feedback values(91,'','',10,181);
insert into Fall22_S003_2_Feedback values(2233,'','awesome breakfast',10,936);
insert into Fall22_S003_2_Feedback values(2457,'','worst combo',2,304);
insert into Fall22_S003_2_Feedback values(1323,'nothing to add','great food',10,417);
insert into Fall22_S003_2_Feedback values(1285,'','',8,777);
insert into Fall22_S003_2_Feedback values(738,'','great',10,618);
insert into Fall22_S003_2_Feedback values(311,'','',9,673);

-----------------FEEDBACK TABLE ENDS HERE------------------------------




-----------------GENERATE RECEIPT TABLE STARTS HERE------------------------------
insert into Fall22_S003_2_Generate_Receipt values(1,1179408,694);
insert into Fall22_S003_2_Generate_Receipt values(2,1179408,178);
insert into Fall22_S003_2_Generate_Receipt values(3,1885335,558);
insert into Fall22_S003_2_Generate_Receipt values(4,1885335,575);
insert into Fall22_S003_2_Generate_Receipt values(5,1943805,237);
insert into Fall22_S003_2_Generate_Receipt values(6,1697693,440);
insert into Fall22_S003_2_Generate_Receipt values(7,1885335,830);
insert into Fall22_S003_2_Generate_Receipt values(8,1134058,555);
insert into Fall22_S003_2_Generate_Receipt values(9,1949756,991);
insert into Fall22_S003_2_Generate_Receipt values(10,1949756,984);
insert into Fall22_S003_2_Generate_Receipt values(11,1949756,208);
insert into Fall22_S003_2_Generate_Receipt values(12,1529403,365);
insert into Fall22_S003_2_Generate_Receipt values(13,1949756,806);
insert into Fall22_S003_2_Generate_Receipt values(14,1529403,537);
insert into Fall22_S003_2_Generate_Receipt values(15,1062715,197);
insert into Fall22_S003_2_Generate_Receipt values(16,1949756,487);
insert into Fall22_S003_2_Generate_Receipt values(17,1062715,417);
insert into Fall22_S003_2_Generate_Receipt values(18,1949756,777);
insert into Fall22_S003_2_Generate_Receipt values(19,1949756,673);
insert into Fall22_S003_2_Generate_Receipt values(20,1697693,618);
insert into Fall22_S003_2_Generate_Receipt values(21,1885335,154);
insert into Fall22_S003_2_Generate_Receipt values(22,1062715,535);
insert into Fall22_S003_2_Generate_Receipt values(23,1943805,276);
insert into Fall22_S003_2_Generate_Receipt values(24,1949756,126);
insert into Fall22_S003_2_Generate_Receipt values(25,1943805,905);
insert into Fall22_S003_2_Generate_Receipt values(26,1949756,181);
insert into Fall22_S003_2_Generate_Receipt values(27,1179408,860);
insert into Fall22_S003_2_Generate_Receipt values(28,1949756,806);
insert into Fall22_S003_2_Generate_Receipt values(29,1949756,537);
insert into Fall22_S003_2_Generate_Receipt values(30,1179408,729);
insert into Fall22_S003_2_Generate_Receipt values(31,1949756,936);
insert into Fall22_S003_2_Generate_Receipt values(32,1943805,618);
insert into Fall22_S003_2_Generate_Receipt values(33,1062715,844);
insert into Fall22_S003_2_Generate_Receipt values(34,1943805,130);
insert into Fall22_S003_2_Generate_Receipt values(35,1949756,301);
insert into Fall22_S003_2_Generate_Receipt values(36,1949756,905);
insert into Fall22_S003_2_Generate_Receipt values(37,1949756,346);
insert into Fall22_S003_2_Generate_Receipt values(38,1134058,555);
insert into Fall22_S003_2_Generate_Receipt values(39,1949756,938);
insert into Fall22_S003_2_Generate_Receipt values(40,1179408,718);
insert into Fall22_S003_2_Generate_Receipt values(41,1949756,531);
insert into Fall22_S003_2_Generate_Receipt values(42,1943805,739);
insert into Fall22_S003_2_Generate_Receipt values(43,1062715,919);
insert into Fall22_S003_2_Generate_Receipt values(44,1134058,851);
insert into Fall22_S003_2_Generate_Receipt values(45,1134058,903);
insert into Fall22_S003_2_Generate_Receipt values(46,1179408,689);
insert into Fall22_S003_2_Generate_Receipt values(47,1949756,526);
insert into Fall22_S003_2_Generate_Receipt values(48,1179408,609);
insert into Fall22_S003_2_Generate_Receipt values(49,1949756,936);
insert into Fall22_S003_2_Generate_Receipt values(50,1943805,304);
-----------------GENERATE RECEIPT TABLE ENDS HERE------------------------------


